data;descricao;valor;id
01/07/2026;Salário - Empresa Fictícia Ltda;6.500,00;FIC-2026-0001
05/07/2026;Aluguel - Imobiliária Exemplo;-1.800,00;FIC-2026-0002
07/07/2026;Condomínio Residencial Modelo;-420,00;FIC-2026-0003
08/07/2026;Companhia de Energia Fictícia;-195,91;FIC-2026-0004
10/07/2026;Internet Banda Larga Teste;-99,90;FIC-2026-0005
10/07/2026;Streaming de Vídeo Exemplo;-39,90;FIC-2026-0006
12/07/2026;Mercado Bom Preço;-267,31;FIC-2026-0007
14/07/2026;Posto de Combustível Central;-220,50;FIC-2026-0008
15/07/2026;Farmácia Saúde Já;-51,61;FIC-2026-0009
17/07/2026;Restaurante Sabor da Casa;-86,40;FIC-2026-0010
19/07/2026;Pix enviado - Maria Exemplo;-150,00;FIC-2026-0011
20/07/2026;Padaria Pão Quente;-27,35;FIC-2026-0012
22/07/2026;Mercado Bom Preço;-180,65;FIC-2026-0013
24/07/2026;Transporte por aplicativo;-34,80;FIC-2026-0014
26/07/2026;Academia Movimento;-119,90;FIC-2026-0015
28/07/2026;Rendimento poupança;23,99;FIC-2026-0016
01/08/2026;Salário - Empresa Fictícia Ltda;6.500,00;FIC-2026-0017
05/08/2026;Aluguel - Imobiliária Exemplo;-1.800,00;FIC-2026-0018
07/08/2026;Condomínio Residencial Modelo;-420,00;FIC-2026-0019
08/08/2026;Companhia de Energia Fictícia;-197,28;FIC-2026-0020
10/08/2026;Internet Banda Larga Teste;-99,90;FIC-2026-0021
10/08/2026;Streaming de Vídeo Exemplo;-39,90;FIC-2026-0022
12/08/2026;Mercado Bom Preço;-263,20;FIC-2026-0023
14/08/2026;Posto de Combustível Central;-220,50;FIC-2026-0024
15/08/2026;Farmácia Saúde Já;-52,14;FIC-2026-0025
17/08/2026;Restaurante Sabor da Casa;-86,40;FIC-2026-0026
18/08/2026;Pix recebido - Freelance Estúdio Ponto;1.200,00;FIC-2026-0027
19/08/2026;Pix enviado - Maria Exemplo;-150,00;FIC-2026-0028
20/08/2026;Padaria Pão Quente;-27,35;FIC-2026-0029
22/08/2026;Mercado Bom Preço;-179,68;FIC-2026-0030
24/08/2026;Transporte por aplicativo;-34,80;FIC-2026-0031
26/08/2026;Academia Movimento;-119,90;FIC-2026-0032
28/08/2026;Rendimento poupança;24,11;FIC-2026-0033
01/09/2026;Salário - Empresa Fictícia Ltda;6.500,00;FIC-2026-0034
05/09/2026;Aluguel - Imobiliária Exemplo;-1.800,00;FIC-2026-0035
07/09/2026;Condomínio Residencial Modelo;-420,00;FIC-2026-0036
08/09/2026;Companhia de Energia Fictícia;-198,65;FIC-2026-0037
09/09/2026;Estorno compra online - Loja Exemplo;89,90;FIC-2026-0038
10/09/2026;Internet Banda Larga Teste;-99,90;FIC-2026-0039
10/09/2026;Streaming de Vídeo Exemplo;-39,90;FIC-2026-0040
12/09/2026;Mercado Bom Preço;-259,09;FIC-2026-0041
14/09/2026;Posto de Combustível Central;-220,50;FIC-2026-0042
15/09/2026;Farmácia Saúde Já;-52,67;FIC-2026-0043
17/09/2026;Restaurante Sabor da Casa;-86,40;FIC-2026-0044
19/09/2026;Pix enviado - Maria Exemplo;-150,00;FIC-2026-0045
20/09/2026;Padaria Pão Quente;-27,35;FIC-2026-0046
22/09/2026;Mercado Bom Preço;-178,71;FIC-2026-0047
24/09/2026;Transporte por aplicativo;-34,80;FIC-2026-0048
25/09/2026;Seguro auto - parcela 3/12;-214,50;FIC-2026-0049
26/09/2026;Academia Movimento;-119,90;FIC-2026-0050
28/09/2026;Rendimento poupança;24,23;FIC-2026-0051
